epoch,steps,cosine_pearson,cosine_spearman
1.0,1939,0.6899232096569566,0.6297944416667948
2.0,3878,0.7231603776835226,0.666879425405735
3.0,5817,0.7304613168060454,0.6698548305620815
4.0,7756,0.7360884678635433,0.6758307469103644
